[{"make":"foo","model":"bar","year":1},{"make":"foo","model":"bar","year":1},{"make":"foo","model":"bar","year":1},{"make":"foo","model":"bar","year":1},{"make":"foo","model":"bar","year":1},{"make":"foo","model":"bar","year":1},{"make":"foo","model":"bar","year":1},{"make":"foo","model":"bar","year":1},{"make":"foo","model":"bar","year":1},{"make":"foo","model":"bar","year":1},{"make":"foo","model":"bar","year":1},{"make":"foo","model":"bar","year":1},{"make":"foo","model":"bar","year":1},{"make":"foo","model":"bar","year":1},{"make":"foo","model":"bar","year":1}]